COM,delta_elec,delta_pop,delta_diplome,MED13,MED19
01004,0.0,266.0000000000018,551.5802043650183,19554.0,20510
01034,0.0,223.99999999998727,243.01317663143163,18549.0,20030
01160,0.0,1275.0000000000036,609.3465706253282,25508.3333333333,26770
01185,0.0,994.9999999999882,474.0650262412131,20198.1481481481,21990
01194,0.0,115.00000000001455,233.20073344765592,21018.4615384615,22840
01249,-1.0,777.0000000000036,571.234131593636,22710.6666666667,24860
01263,0.0,-50.0,103.55007106899211,22007.6666666667,24320
02173,0.0,-459.0000000000073,236.14585580619973,16356.6666666667,17730
02340,0.0,-126.99999999998636,106.8538770720595,18333.8461538462,19710
02722,0.0,597.9999999999927,449.0099313135779,16438.0,17600
02810,0.0,-500.00000000001273,11.17021640060193,18126.9230769231,19610
03082,1.0,-295.00000000000364,8.219536846713481,18230.6666666667,19610
03095,0.0,-709.0,322.62904786068907,18410.6666666667,19880
03321,0.0,-367.99999999999454,194.3648793427551,20939.0,22290
04070,-1.0,559.9999999999854,577.4051486102967,18928.3870967742,20390
04143,0.0,128.0,193.45970561989884,19953.0,22120
04152,0.0,246.0,176.95385909829906,24522.7777777778,26410
05023,-1.0,-1612.0000000000036,193.10384946573822,18886.0,20490
05061,0.0,-114.00000000000728,1739.411843558113,19357.3684210526,21330
05070,0.0,99.0,-118.2145074915137,18434.0,19740
06012,0.0,-465.0,377.7992915546729,18903.5,21580
06018,0.0,-400.99999999998363,179.2220436608618,25915.0,29020
06029,0.0,-1309.0,2407.2614825457113,18634.5833333333,20340
06033,-1.0,920.0000000000073,663.0701059657813,19815.5,22010
06044,0.0,116.00000000000546,246.34762647226262,25869.1304347826,27460
06069,0.0,-1700.9999999999782,458.0247088628603,19900.0,22050
06088,0.0,-418.0000000001164,12979.089293830664,18833.8888888889,20530
06090,0.0,173.0000000000009,414.1072975856416,21811.0,24250
06095,0.0,151.00000000000364,162.57101660756393,22536.0,24350
06118,0.0,-3.0,175.69622833807102,21471.3333333333,23970
06122,0.0,287.0000000000091,199.02520466686678,24854.4,26650
06123,0.0,1074.0000000000073,961.409128503813,21486.6666666667,23440
06136,0.0,83.0,147.32690319031906,20046.0,21570
06149,1.0,-68.00000000000364,233.1662582100405,19977.2380952381,21630
06157,0.0,779.0000000000109,690.3417103572574,21446.1538461538,23530
06159,0.0,-217.0000000000109,34.645264237914034,22830.8,25430
07042,1.0,-48.99999999998363,47.90369990344857,17768.4,19620
07186,0.0,254.00000000000364,176.73043468398873,18534.3333333333,19910
07319,0.0,465.00000000004,299.0054001999654,17517.696,19060
07346,0.0,-121.00000000001319,69.13438209398316,19121.3043478261,20900
08105,0.0,-2227.000000000029,806.306414861263,16563.0434782609,17870
08328,0.0,-472.0000000000018,127.88750373645018,16276.0,17880
08363,0.0,-761.0,62.453948345762456,16253.3333333333,17530
08409,0.0,-1452.9999999999836,241.96343788777085,15132.0,16570
09225,0.0,419.99999999998727,420.54642624275766,17381.1111111111,18700
10081,0.0,-103.99999999999818,310.508477855837,14810.6666666667,15600
10268,0.0,-8.999999999996362,91.09446314028492,18430.0,19790
10323,0.0,320.0000000000091,446.6417116693101,16218.0,17030
10343,0.0,-153.0,101.52880300480206,19898.0952380952,21480
10362,-1.0,362.00000000000364,262.9734978111653,19348.125,20720
11069,0.0,731.9999999999927,1214.9279462660252,17087.3333333333,18450
11116,0.0,96.00000000000227,60.46538592133908,17458.0,19260
11202,0.0,179.0,103.33995347094401,18883.3333333333,20790
11203,-1.0,-135.99999999999636,140.70959896490217,16446.0,18220
11379,0.0,69.00000000001273,171.98509559524166,17871.3333333333,19580
11397,0.0,-59.99999999999909,97.01319906630681,16902.7777777778,18270
12089,0.0,-489.9999999999909,109.98328009940258,17536.5,18560
12145,1.0,-581.9999999999964,747.0739171339956,18579.1666666667,20010
12202,-1.0,309.0000000000073,877.9081689174554,19889.3333333333,21090
12208,-1.0,-241.99999999997726,154.19828847523127,19114.3333333333,20600
13002,-1.0,65.00000000000364,667.0969203321683,24463.0434782609,26190
13004,-1.0,-1729.0,1378.9583618238103,17464.6666666667,18990
13005,0.0,2062.000000000029,1790.399594942155,19568.6666666667,21300
13033,0.0,288.0,423.14936361748073,25221.4285714286,27900
13041,0.0,1591.0000000000146,772.5032810541866,20170.7692307692,21820
13043,-1.0,770.0,517.963338754998,21024.8,23240
13046,-1.0,248.0,286.92266414238907,23140.0,25200
13047,0.0,974.9999999999927,1473.3904492485253,19978.8461538462,21910
13050,0.0,558.9999999999982,474.2360707405078,22480.4444444444,24630
13053,0.0,212.00000000000637,244.27928422245577,20334.0,22900
13056,-1.0,-364.0000000000073,1196.552603817323,20149.1666666667,21630
13077,0.0,-1075.9999999999927,370.7424145899822,17210.4761904762,19060
13078,0.0,-290.99999999998545,13.19322945159115,18146.6666666667,19640
13082,0.0,-160.99999999998363,191.24445014080038,24832.6666666667,27140
13098,0.0,-23.00000000000182,111.29743757613664,23935.2,25740
13100,0.0,-72.99999999998363,856.3328188171131,19041.5,21730
13103,0.0,822.0,1805.8115299086912,19334.0,21150
13107,0.0,383.0000000000009,334.0721348306572,25312.0,27660
13108,0.0,924.9999999999982,-20.694115608595894,16018.0952380952,17370
13110,0.0,-388.99999999999636,91.45755022111416,21565.0,24200
13113,0.0,83.00000000000182,309.6862895511126,25947.0833333333,27540
13117,0.0,181.99999999999272,1229.6792806898047,19494.0,21000
13119,0.0,-60.999999999970896,297.0877154618961,23179.4444444444,24970
14191,0.0,20.0,120.688231553278,20283.3333333333,22300
14341,0.0,376.99999999999636,427.0264607597385,19623.5,21370
14366,0.0,-1126.0,391.5117917437442,16512.0,18480
14488,0.0,185.0000000000182,222.4139536361679,21231.0,22890
14514,0.0,210.99999999999363,354.8020018454635,18299.3333333333,20070
14712,0.0,-179.0,43.99589905946755,20808.6666666667,22580
14715,0.0,-105.00000000002092,140.47405988115815,18807.0,20800
15012,-1.0,79.99999999999909,176.46416740623636,20528.6666666667,22360
16015,0.0,-548.0,1624.0727395819013,17754.2857142857,19120
16090,1.0,72.0,120.03919795688194,19232.6666666667,20540
16102,-1.0,-110.99999999999636,505.7370666692823,18941.6666666667,21000
17010,-1.0,263.0,231.19378152387094,23159.5652173913,25480
17028,-1.0,576.0000000000091,757.7061163619178,20421.6666666667,21460
17142,1.0,459.0,308.2881570313871,22818.6666666667,24620
17200,0.0,-6.000000000013642,387.3477095264659,24643.4666666667,26330
17218,1.0,-77.99999999999181,90.5238104561198,19055.119047619,20340
17291,0.0,748.0,387.88896671475413,22468.8888888889,23820
17299,0.0,-889.9999999999891,384.24022645215973,17771.0,19520
17306,0.0,249.99999999997453,1019.2274849920714,20051.4285714286,22340
17337,-1.0,262.0,226.17374803979362,19185.0,21050
17347,0.0,-379.0,301.6618091557684,17490.7692307692,19190
17415,0.0,263.00000000000364,1011.6326893235619,18993.9130434783,21010
17452,0.0,-466.0,91.87181460596685,19428.0,21780
18033,1.0,-2165.9999999999854,2002.903315949221,19306.0,20810
19031,0.0,-1051.0000000000073,1082.5527596465581,18502.7777777778,20300
19123,0.0,66.0,196.92599850558554,20350.9803921569,22120
19275,0.0,-609.9999999999964,19.030084042046383,18736.0,20240
21038,0.0,-214.00000000000273,64.68124692469144,18412.0,19980
21166,0.0,158.00000000000364,320.09531030346875,16858.5714285714,17740
21171,0.0,-41.99999999998363,168.40316297081063,20872.7777777778,22490
21515,0.0,-739.0000000000036,95.8985800169512,20060.6666666667,21520
21603,0.0,35.999999999997726,11.594430509180484,19434.6666666667,20950
22050,0.0,3763.0000000000036,1580.6927703062247,19163.3333333333,22190
22054,0.0,25.0,190.27542463070995,21681.5,23520
22070,0.0,112.00000000002274,129.2677543460095,16709.0,17460
22113,0.0,581.9999999999927,485.38531979235995,20559.3333333333,22190
22194,0.0,16.0,155.55615999631323,20927.6923076923,22060
22209,0.0,879.0,341.48426485051436,20155.0,21150
22278,1.0,-1041.0,1061.1926979512536,18770.4347826087,19960
22343,-1.0,62.0,229.225633421697,22793.3333333333,24750
23096,-1.0,-644.0000000000073,488.15498774673915,18670.5,20270
24026,-1.0,2533.0,487.25522238211147,21317.3913043478,22050
24037,0.0,-1404.0000000000036,610.7465289571173,17853.0,19090
24352,1.0,-221.0,54.44183304718433,18192.0,19230
25048,1.0,-96.99999999998317,68.2771107045213,20022.6666666667,22200
25056,0.0,1568.0,2843.5312233844234,18461.4285714286,19890
25057,0.0,-392.99999999997453,-31.221969647562446,15490.0,16920
25388,0.0,205.00000000000364,269.7292802486154,17120.4761904762,18380
25539,0.0,-149.99999999999636,133.26901431221017,20857.0833333333,22880
25547,0.0,-128.0,66.40224903015024,15694.0,16820
25580,0.0,927.0000000000073,377.6770943594215,17205.0,19100
26058,0.0,223.00000000002547,652.0103073073733,19396.5,20980
26113,1.0,254.0,340.9021887827348,18186.6666666667,20160
26165,0.0,326.9999999999782,252.2599374245549,19592.3333333333,21140
26235,0.0,636.9999999999945,376.9507162729176,18467.0,19340
26281,0.0,-548.0000000000073,598.2947276185178,17503.9130434783,19400
26301,0.0,371.0000000000082,220.8410908205858,19944.0,22060
26324,-1.0,-213.0,119.22039767552633,21473.3333333333,22810
26362,0.0,2281.0,2085.0284306852645,18135.0,19700
27016,0.0,-131.00000000001182,157.8249372993871,18258.4,19910
27065,0.0,169.0,124.07936610357422,18773.5714285714,20840
27116,1.0,-128.0,17.033344932163573,17996.0,19070
27229,0.0,-2592.0,427.1017120972465,16793.3333333333,18040
27275,-1.0,-226.0,52.67787201657495,17818.1481481481,18430
27375,1.0,385.00000000000364,565.909160136352,17603.0,19150
27681,0.0,105.0,883.7383250947641,18760.0,20050
28088,1.0,-314.99999999999636,193.6131596661553,17657.3333333333,18630
28134,0.0,-447.0,325.16738996594177,16066.0,17230
28218,-1.0,-715.0000000000073,353.07636373729906,17648.0,18900
28220,0.0,-24.0,221.68427907472324,22972.0,24560
28229,0.0,628.0000000000036,448.39158703501175,18431.0,19690
29019,0.0,71.9999999999709,4391.123971337551,19050.8695652174,20520
29020,0.0,146.0,87.7777401394311,19310.9523809524,20890
29026,0.0,-17.0,204.77278727079556,19282.7777777778,20770
29031,0.0,379.0,301.820392070106,21890.6666666667,23570
29039,0.0,1009.9999999999927,1159.4548768994532,20109.0,22150
29042,0.0,-259.00000000000273,293.9473311102497,20248.2608695652,22330
29046,0.0,-527.0,471.44855948080476,19473.3333333333,20600
29075,-1.0,1026.0000000000073,1065.6670827458875,22074.0,24030
29105,0.0,118.99999999998727,208.35680238509735,19458.6666666667,20770
29117,0.0,271.9999999999818,218.09612321216366,20062.0,21870
29130,0.0,192.0,365.5254144723931,23634.4444444444,25710
29150,1.0,-198.9999999999891,334.2762271952754,21520.3703703704,22920
29151,1.0,-127.99999999999636,367.6051333788446,18687.380952381,20090
29171,0.0,65.99999999999136,100.89102018202288,20319.5,21880
29195,0.0,198.00000000000364,280.2930352157673,20306.6666666667,22150
29197,0.0,-122.00000000000819,205.11773982423858,20036.0,21810
29199,1.0,233.0,161.82406292556504,20441.4285714286,22000
29232,1.0,-40.00000000002183,1881.121724471519,19950.0,21540
29233,0.0,51.99999999999636,613.7135321174073,19564.0,21320
29241,1.0,35.99999999999636,304.20211152256206,19349.5238095238,20570
29260,0.0,250.00000000002,423.86196161781004,21601.4285714286,23670
30003,0.0,247.00000000003274,312.7256387947607,19048.0952380952,21590
30028,-1.0,-100.0,405.62609719368265,17141.0,18530
30033,0.0,709.9999999999854,249.94816743352476,19381.6666666667,21270
30062,0.0,594.0,363.15048725069914,20914.7619047619,23200
30075,0.0,449.0,269.5150959863199,22623.9130434783,24080
30082,-1.0,-35.0,113.4122649164151,21400.6666666667,24000
30123,0.0,24.0,115.03123516468622,20269.1304347826,23040
30133,-1.0,-16.000000000003638,141.7108569171162,18933.3333333333,20670
30155,0.0,549.9999999999909,271.4937806597211,19732.6666666667,21120
30169,0.0,39.99999999999818,176.69937287239418,18683.3333333333,20070
30189,0.0,-3579.0,3245.578285241252,16547.3333333333,18020
30211,-1.0,38.0,83.70035701283393,18734.2857142857,21080
30221,1.0,66.99999999999636,48.99235951736978,18352.8571428571,19840
30258,0.0,870.9999999999891,84.69485169604582,15730.0,17350
30259,1.0,398.0,188.44530532478643,19404.2857142857,21240
30284,0.0,267.0000000000082,150.64407434548275,17302.0,18320
30333,0.0,312.0,146.2491483996845,18988.0,20380
30341,0.0,111.99999999998909,376.5567502140086,17230.5,18980
31032,0.0,343.00000000001364,172.28728977865717,23994.6666666667,25450
31033,1.0,733.9999999999891,347.9220689935464,19784.8,21000
31066,-1.0,417.0,230.35776075806007,20425.3333333333,22280
31069,0.0,2685.0000000000036,2110.640258795671,22900.0,24700
31113,1.0,1737.0000000000018,889.2251382545583,23384.0,24480
31117,0.0,307.0,364.3303107342606,24965.2380952381,26960
31149,0.0,1324.9999999999927,1501.2638640600599,21475.3846153846,23080
31157,1.0,3096.0,1285.8044610766983,22570.3333333333,23280
31165,-1.0,621.0,315.44862574923354,21884.6666666667,23310
31169,-1.0,708.9999999999982,557.4481444993003,25574.5714285714,26860
31187,0.0,376.00000000000364,575.582631634772,22961.4285714286,25080
31282,0.0,1373.0000000000045,630.4766273539108,21738.4615384615,22780
31341,0.0,1129.0,411.5240136140387,22531.875,23840
31395,0.0,-212.99999999999636,937.5835311141691,20305.4838709677,21600
31424,-1.0,2184.0,1238.875297153183,24027.3333333333,25680
31446,0.0,744.0000000000018,517.1425180990946,23040.6666666667,23940
31483,0.0,409.0000000000073,41.66276953880174,18107.8260869565,18970
31490,1.0,1104.00000000001,497.26331028258016,20864.6666666667,22050
31499,0.0,488.00000000000364,389.51314227606326,21271.2,23200
31526,0.0,985.0,486.9522244108389,24706.0,25650
31555,0.0,31706.00000000006,23886.573670681042,20100.0,21440
31561,0.0,662.9999999999945,648.2707717264188,25565.5333333333,26890
31584,0.0,287.0,172.45147270736095,19130.6666666667,20350
32160,0.0,882.0,467.71049838414183,21604.7619047619,23490
33003,0.0,1276.0000000000146,761.546604172001,19231.4285714286,20570
33005,0.0,572.0,1013.4621189981099,23882.5,25810
33029,0.0,297.0,279.87095715571104,21726.3888888889,23840
33036,0.0,71.99999999998909,126.50372484903426,18822.5,20100
33099,0.0,433.0,226.75635351998187,25729.0,26600
33104,0.0,464.0,231.19871959370516,20420.9523809524,21870
33138,0.0,212.99999999999636,172.81330631320282,18035.3846153846,19470
33167,0.0,1257.0000000000036,824.9143316695222,18241.4285714286,19650
33203,0.0,535.0,221.25185104268314,20504.6666666667,22240
33214,0.0,512.0,490.5508652926419,21680.0,23850
33227,0.0,-30.00000000000182,214.0711050824409,17804.6666666667,19210
33240,-1.0,222.0,166.03296464441144,17746.0,18640
33243,0.0,-162.99999999999636,892.0691769147152,18390.8,19840
33284,0.0,2520.999999999989,842.6873958625135,21916.6666666667,24030
33312,0.0,1762.000000000001,726.7948409500541,21860.5555555556,23290
33314,0.0,159.99999999998545,-2.507559063935446,17718.0,18560
33318,0.0,4352.0,3473.611266592732,22490.5,24520
33363,-1.0,664.0,317.42777373148806,21919.5238095238,24270
33393,0.0,514.0000000000109,185.92016271474006,19115.652173913,20660
33449,1.0,2577.9999999999927,2125.0620281836545,23888.0952380952,25690
33529,0.0,279.00000000001455,1537.4658739444676,21175.0,23080
34028,0.0,-372.00000000002274,117.24395600354671,16615.0,17330
34031,0.0,573.0000000000091,160.0650699329093,17406.8,19650
34032,0.0,2981.999999999971,1438.0144886960024,15305.0,16350
34051,0.0,47.0,120.72535112723813,18707.3333333333,21230
34058,0.0,406.00000000000364,378.4015419202376,22214.6666666667,24640
34079,0.0,645.0000000000036,243.51469848853299,17057.3333333333,18330
34090,-1.0,348.00000000000364,461.7157507505517,22536.3,24670
34108,0.0,588.9999999999964,793.3418009357315,18552.5,20630
34113,0.0,305.0,261.0612315488231,19210.0,21260
34116,0.0,1287.999999999991,583.8140180189312,21496.1904761905,22700
34123,0.0,3349.0000000000127,1122.5534188399492,22559.5,22300
34129,0.0,1710.9999999999818,1216.8340913656357,23171.0,25230
34142,0.0,1.0,227.25792315677177,15741.7391304348,16920
34146,0.0,717.0,282.184172718077,19097.5862068966,20210
34151,0.0,218.00000000000637,183.2928034111918,18458.0,20010
34154,0.0,-51.00000000001455,621.5383409503329,21265.0,23710
34157,-1.0,1188.9999999999836,562.6007947822077,18144.0,20230
34161,0.0,1.9999999999949978,144.87098066124122,18798.4,20980
34162,0.0,236.0,120.96298131692879,16084.0,17570
34172,0.0,23777.99999999994,14174.292642137603,17247.9166666667,18870
34183,0.0,94.0,128.46281963907154,17672.5925925926,19820
34192,0.0,-533.0000000000036,83.2537254054912,18857.0,21100
34198,0.0,349.00000000000364,562.5479911534358,23171.9047619048,25070
34199,1.0,-343.0000000000218,234.05743454068784,16317.6,17920
34213,0.0,-81.00000000000546,171.54687634239622,19739.3333333333,21720
34217,0.0,1053.0000000000018,650.8225845568666,23394.5,25140
34239,0.0,686.0,349.1693702616667,19235.2380952381,20440
34259,0.0,250.0,329.27968925048367,22320.0,24490
34270,1.0,3247.9999999999945,1669.1971580168934,24074.0,24660
34276,0.0,223.0,237.30303335859116,21609.5,23760
34300,0.0,817.9999999999818,237.05011549178437,18717.6,20000
34309,0.0,34.00000000001455,270.8594303444031,25837.3333333333,28550
34324,0.0,-39.0,17.68693697258061,17908.6666666667,19790
34332,0.0,273.0,261.80231608542306,17257.7777777778,18880
34336,0.0,-157.0,31.06816099837397,18247.8571428571,19710
34337,0.0,886.0,522.6505085852878,20392.0,22580
35040,-1.0,155.0,173.692934946661,21027.3333333333,22660
35049,0.0,113.00000000000182,248.36215181092007,21302.0,23650
35051,0.0,83.00000000000728,582.3278697288124,26444.2857142857,28050
35068,0.0,696.9999999999809,384.91344020027213,21701.7857142857,23400
35093,0.0,388.9999999999982,481.0755919489652,21935.5,24550
35115,-1.0,316.0000000000109,448.019469818516,18363.0,19780
35136,0.0,274.0000000000018,438.5288648928183,20269.2916666667,22210
35173,0.0,1206.9999999999945,665.6213220183877,23237.5,25340
35188,1.0,269.0000000000018,352.5646461893193,21908.8461538462,23550
35236,0.0,394.00000000001273,408.39525909973327,19118.0,20860
35238,0.0,9031.0,11182.945816371015,20110.5555555556,21760
35251,0.0,598.0,270.3511897277634,20792.3333333333,22700
35253,0.0,394.0,243.2585284235348,20263.3333333333,22660
35288,0.0,1015.0,2920.708414784285,20198.0,22260
35353,0.0,1081.0,753.4735881416461,22917.0,23670
36044,0.0,-1147.9999999999927,1121.7613217218895,18225.3333333333,19520
37003,0.0,-802.0000000000018,496.6211565184635,19347.0,21420
37018,1.0,183.00000000001,247.0106598189809,23677.75,25580
37063,-1.0,-163.0,111.71232655388286,17369.0,19050
37072,0.0,-10.0,122.34686034824676,19347.0,21200
37104,0.0,719.0,338.45678044188935,22654.7619047619,24000
37109,0.0,158.00000000000364,713.1038307014787,25099.0,27040
37122,0.0,1002.0,1168.8567916178863,19262.0,20560
37156,0.0,320.99999999999636,457.37078951084277,21882.0,23620
37261,1.0,1724.999999999971,5306.706786406103,18883.8461538462,20210
38053,0.0,2022.9999999999927,946.3285367124199,18705.0,19960
38111,0.0,4.000000000001819,298.6652835696941,27248.3333333333,28460
38169,0.0,683.0000000000036,500.57465403513834,18603.2,19820
38185,0.0,-2539.0,3217.5952654643697,19773.3333333333,21170
38193,-1.0,677.0,392.14236597342915,18522.6666666667,19820
38229,1.0,897.9999999999927,915.7490897761145,28450.0,29200
38298,1.0,-231.99999999998,103.86939819312977,16496.0,17840
38315,0.0,6.366462912410498e-12,-94.51155448477311,18663.0769230769,20610
38337,-1.0,516.9999999999982,208.71960127931106,20105.0,21420
38397,0.0,249.0000000000091,389.20206784053244,32958.6666666667,33860
38421,-1.0,88.00000000001455,497.099805229489,18926.0,20330
38507,0.0,935.0,472.3339619153737,21042.4,22910
38516,0.0,-181.9999999999909,145.9922350728516,26158.0,28960
38517,-1.0,122.99999999999,326.31383318363623,20550.0,22240
38537,0.0,488.0000000000018,231.48796961762173,20146.2068965517,22110
38545,0.0,584.0000000000109,393.3260749754254,23021.3333333333,24830
38553,0.0,428.0000000000073,-25.389563445807653,17448.0,18680
38562,1.0,-189.00000000001,95.1585941705755,19892.5,21150
38563,0.0,169.99999999999636,775.931226703131,20116.1111111111,22000
39478,0.0,-1201.0000000000018,-11.607715381734351,17597.3333333333,19110
40088,-1.0,558.9999999999818,843.4568103259312,18088.0952380952,19610
40209,0.0,595.0,311.0521465153993,22380.6666666667,23670
40279,0.0,936.9999999999854,324.5358183747303,19548.0,21230
40281,0.0,277.0,432.7851592821544,20453.8095238095,22100
40282,0.0,117.0,231.9873302423498,20248.7142857143,21320
40284,1.0,80.99999999998545,204.94932792435043,19480.0,21150
40310,0.0,707.0,489.79268938281393,20822.9166666667,22370
41018,0.0,308.99999999998545,831.9796615066371,17560.0,18790
41136,1.0,14.0,135.69202237363697,19598.6666666667,20940
41149,-1.0,-144.0,38.001134034529,19121.0,20660
41194,0.0,746.9999999999709,296.65968891575903,18686.6666666667,20130
41232,0.0,-473.0,83.11394754158505,19257.3333333333,20470
41269,0.0,-1199.000000000009,257.01538163180066,18527.3333333333,20220
42005,0.0,232.00000000002365,319.7705864472621,18537.6666666667,20880
42095,-1.0,21.999999999992724,215.12832672588002,17636.6666666667,18450
42147,0.0,253.9999999999909,236.3314122419565,19281.3333333333,21090
42187,0.0,-785.0000000000364,946.693697528478,16878.380952381,18380
42189,0.0,-46.99999999998545,120.86630703599826,19817.3333333333,21390
42218,0.0,3320.999999999942,3625.3847357253544,17694.0,18410
42237,0.0,-49.0,158.53704519247822,21066.6666666667,22860
42302,0.0,24.000000000010914,296.7391036084621,22552.6666666667,24520
42304,0.0,479.99999999999454,156.5262098927111,18572.0,20120
42316,0.0,-479.0,123.12094772975547,19469.1304347826,21040
43012,0.0,131.0,93.99871655840093,20156.0,21880
43041,0.0,85.00000000001455,151.81844985208238,18887.3333333333,19960
43112,0.0,-307.0,-173.24191288940096,18066.0,19990
43137,0.0,154.0000000000091,300.0737694966065,20646.0,22810
44020,-1.0,1774.9999999999964,1342.1775678333015,21046.6666666667,22740
44026,0.0,1570.0000000000036,1148.9350250765174,24919.1304347826,26630
44052,0.0,562.0000000000036,228.66393894285648,19689.1304347826,21560
44056,-1.0,199.0,101.8383972985647,20314.4444444444,22310
44067,0.0,-22.99999999997999,107.86262740798907,17742.6923076923,19350
44069,0.0,-85.00000000000182,646.1049061657063,21417.3913043478,24010
44084,0.0,458.9999999999727,274.39269949962977,20931.1111111111,22860
44087,0.0,311.0000000000082,240.2972987587617,19358.0,20980
44101,0.0,377.0,390.809838645976,20938.6666666667,23020
44103,-1.0,178.99999999999636,255.60486577161555,19187.5,21480
44109,0.0,22703.0,22542.38804698737,20725.652173913,22960
44120,0.0,410.0,292.43499154238157,20472.0833333333,22160
44128,0.0,127.0,161.75222455517405,18423.0,20600
44129,0.0,632.0000000000036,319.38497692403644,20325.0,22410
44132,0.0,1118.9999999999854,898.7142556834051,23941.3333333333,26460
44135,0.0,-460.0,111.53259704786194,21587.8260869565,24210
44162,0.0,4730.000000000029,3312.2337185873585,20338.0357142857,21930
44184,0.0,2536.9999999999854,3015.420138838408,19208.5,21100
44204,1.0,1595.0000000000036,867.9528734254864,23478.8,25230
44211,1.0,398.00000000000546,316.64408003074834,21228.6666666667,23480
45028,-1.0,-180.0,142.77768262662448,20008.0,21000
45053,0.0,-530.0,27.82365423905037,19062.8985507246,20360
45147,1.0,313.0000000000109,855.6407681995256,19365.7142857143,20470
45155,0.0,-1312.0000000000018,129.4128189990754,17626.0,18820
45315,0.0,-271.99999999999,108.61377570477384,18057.3333333333,19170
45338,0.0,-70.00000000000728,71.18661669137907,20685.3333333333,21730
46102,0.0,-36.00000000005639,393.8886056737497,20093.4782608696,21340
46128,0.0,-131.0,47.86988021844786,19705.8666666667,21000
47004,-1.0,-71.0,-21.24819054523857,16124.0,17180
47032,0.0,55.99999999999545,223.20707914438958,20936.0869565217,22290
47100,0.0,216.99999999999,190.1053573826082,22897.5,24390
47157,1.0,-482.99999999999636,302.9320453751211,17499.3333333333,19160
47201,0.0,-194.00000000000182,300.59171186847084,19542.3076923077,20940
47209,0.0,-52.0,90.76183015032098,20808.0,22690
47215,0.0,81.99999999998954,169.49183574976223,20398.0,21760
47310,0.0,240.0,211.42091955243257,17248.5,18110
48140,0.0,51.00000000000182,146.91767223087982,19190.6666666667,21120
49007,0.0,4820.000000000029,6689.016399010972,18748.0,20420
49035,0.0,181.99999999998727,253.1510012099693,25030.6666666667,27180
49099,0.0,504.0000000000218,1568.663483512335,19282.0,21120
49214,0.0,392.00000000002547,374.2666924172747,20886.6666666667,23000
49246,0.0,251.00000000000546,500.1978779655374,20805.5,21960
49267,0.0,-110.99999999999636,280.7015007667578,20311.3333333333,22310
49328,0.0,-1147.0000000000036,364.0680183892646,18461.5,20310
50041,1.0,9785.999999999987,2102.8014917252663,18648.9456521739,23810
50082,0.0,-148.99999999998272,207.11755795351678,19164.6666666667,21060
50129,0.0,-3170.0000000000146,2719.8269301473592,18266.5384615385,21600
50139,0.0,278.9999999999841,250.52088388560355,20966.3333333333,22220
50218,0.0,-791.9999999999873,225.95310026762309,18923.3333333333,20960
50410,0.0,-41.000000000008185,71.63729793215055,18729.3333333333,20090
50502,0.0,-220.00000000000728,182.46500357627338,18883.0,20240
50639,0.0,-72.0,101.48822181435594,18147.0,19410
51055,-1.0,674.9999999999982,318.94723779563174,22183.0,23550
51108,0.0,-665.9999999999927,1018.4558196664457,18131.4285714286,19390
51454,0.0,-2724.000000000029,4096.801335010154,18012.8,19280
51649,0.0,-1685.9999999999873,-91.6069382944388,15901.0,16870
52121,0.0,-904.0,492.40205582765793,19048.0,20530
52269,1.0,-168.0,135.17249673053948,18198.0,19640
53130,1.0,-456.0000000000218,1186.8894517929093,19082.6666666667,20590
54090,0.0,-7.0,107.25543217705263,23430.9523809524,24670
54159,-1.0,-171.0000000000091,105.06861302096195,19892.8571428571,21250
54184,0.0,152.99999999999818,331.7140207114005,20431.0,21910
54274,1.0,95.0,226.56164196133045,17422.7777777778,18460
54395,1.0,82.0,2282.366545837518,19775.2380952381,21300
54415,0.0,-64.0,144.44958045326985,20994.4285714286,22270
54451,-1.0,-81.0,98.44622543950356,21132.6666666667,22830
54528,0.0,-109.00000000001637,188.04806750935995,17326.0,18740
54580,0.0,668.00000000002,213.3086427634355,19489.3333333333,20750
55029,0.0,-1075.99999999998,132.81409546540226,18813.6,20550
55463,0.0,-225.0,65.07380196872344,17390.8,18820
55545,0.0,-1516.0,100.47674347365228,17911.0,19590
56007,1.0,758.0,867.5245635143356,19224.0,21240
56008,1.0,-30.0,233.77411920989903,23652.6666666667,26680
56034,0.0,19.00000000000091,381.2542557726706,22370.5555555556,24500
56098,0.0,1075.0000000000036,958.3365147043537,18674.5333333333,20260
56121,-1.0,-249.99999999998545,1853.8572119025703,18273.2142857143,19700
56151,0.0,-84.99999999999409,91.69169356328302,20548.0,22150
56158,0.0,535.0,325.0297820533542,20713.9393939394,22970
56162,0.0,481.9999999999927,742.9076765463442,23556.8,25320
56165,0.0,269.00000000000364,347.2220476527382,20363.3333333333,22010
56178,0.0,1127.0000000000018,498.8099833513347,20015.0,20610
56179,0.0,294.0,193.93892588481913,20695.8333333333,22620
56184,1.0,538.0,296.9572410041551,19910.0,21480
56185,0.0,172.9999999999709,349.97522170561024,21170.0,23050
56186,0.0,-303.9999999999909,160.6957235573335,21489.0,23430
56248,0.0,771.0,223.2691299683986,21624.7619047619,23820
57019,0.0,105.00000000000182,533.2419090322026,19573.3333333333,21370
57058,0.0,-37.99999999999909,93.94924274859795,14028.62,14920
57227,-1.0,-231.00000000000728,99.10087597989241,15682.5,16900
57306,0.0,236.99999999999454,312.0644092890975,19206.25,20660
57323,0.0,174.0000000000109,351.3067214931614,26072.0,30070
57332,0.0,-551.0000000000055,78.8774448678497,16958.6666666667,18560
57336,-1.0,-213.0,66.70171694091937,17760.9047619048,19150
57413,0.0,-107.0,-12.901580351090956,21110.0,23120
57443,0.0,629.0,271.0626057925599,21124.8837209302,23050
57447,0.0,113.00000000000364,389.18483644097523,24856.1666666667,26260
57463,-1.0,2592.0,4950.851444314183,18700.6666666667,20010
57474,0.0,-178.99999999997908,173.44616856961807,19737.5,20990
57508,0.0,-411.9999999999918,115.78110722624729,18801.0,19870
57630,0.0,-85.00000000000728,410.6027018247537,17834.7826086957,19020
57647,0.0,-163.0,89.40058673703095,19640.0,20620
57672,0.0,299.9999999999927,1508.7416266929395,21294.0,23210
58079,0.0,-295.0,-103.49739130318522,17635.5,17930
58121,0.0,-85.0,112.82931240018473,19202.0,20710
58194,0.0,-2200.9999999999964,285.05945567399795,17777.3461538462,19240
58303,1.0,-271.99999999998727,23.89697282921111,20271.3333333333,21750
59008,1.0,-486.9999999999909,105.0152394569875,15355.7142857143,16820
59009,0.0,-1611.0000000000146,1368.1407409447402,19260.4761904762,21110
59014,0.0,-79.99999999998909,273.5966854175408,14573.8888888889,15880
59033,0.0,-106.99999999999272,106.52276302256064,16414.4,17370
59043,0.0,586.9999999999982,461.2904024973459,20371.3333333333,22080
59067,-1.0,-291.0,56.871400044405505,18323.3333333333,20340
59079,0.0,188.0000000000091,91.05490249700244,15372.7777777778,16410
59092,1.0,-154.0,72.818428275994,18527.5,19820
59098,0.0,-50.0,134.91974602051596,21430.5,23680
59107,0.0,-186.0,3.0966333692325634,19700.0,21500
59153,0.0,-241.00000000000728,89.14560135423369,14535.3333333333,15970
59163,0.0,-352.9999999999891,931.7892504150122,20082.0,22050
59178,0.0,-893.9999999999854,840.0580418004683,16504.0,17740
59183,0.0,-2614.9999999999854,1719.7204596969877,17871.3043478261,19340
59205,0.0,100.00000000001455,196.14927071473073,15033.0,16610
59225,0.0,-290.9999999999982,164.9989074123996,16859.9,18460
59230,0.0,-95.99999999999454,101.57911062903861,16901.1111111111,18260
59249,0.0,-936.9999999999891,176.10924815633393,14827.7777777778,15920
59266,0.0,97.0,167.63037075589477,23581.6,24810
59272,-1.0,-149.0,63.195568984399415,18189.5,19040
59276,0.0,-26.999999999996362,75.42458785455102,16277.3333333333,17940
59279,0.0,64.0,233.77864240936378,19164.0,20640
59284,0.0,42.0,136.4525768583211,19963.3333333333,22490
59295,0.0,-244.00000000000364,517.1896879132642,18494.0,20180
59302,0.0,87.0,70.4640014362011,17571.3333333333,18900
59327,0.0,89.0,94.19149586498008,16092.8,18200
59328,0.0,-702.9999999999927,1210.0842526776087,24004.0,26560
59340,-1.0,-155.99999999999272,109.33705963005866,20831.5,22270
59360,0.0,2175.9999999999927,1214.3938443229931,17507.5,18660
59367,0.0,368.99999999998727,357.7285655283745,19490.9523809524,21160
59390,0.0,-31.0,48.32046900367965,15877.1428571429,17160
59392,0.0,-722.0,364.6460250513928,14697.1428571429,15670
59426,0.0,-182.00000000000364,342.279289734666,22030.5,24080
59447,0.0,48.99999999997999,111.10632829464419,16218.6666666667,18210
59512,0.0,2466.0,1373.4921237942726,13188.5294117647,14090
59514,0.0,5.0,118.72952971155212,18959.1666666667,20200
59524,0.0,-17.0,234.7071176939628,21704.6666666667,23730
59553,0.0,-195.0000000000009,189.93410713317758,23264.8148148148,25560
59569,0.0,-223.00000000000364,158.41714544849674,16236.4102564103,17630
59571,0.0,-183.99999999999272,58.81126148771534,16604.0,18040
59606,0.0,-1049.0,490.2093358883594,17590.6666666667,19270
59616,0.0,477.00000000001273,246.74568834797606,15995.0,17620
59646,0.0,-362.99999999999636,643.1725420283174,22224.5,24660
59653,0.0,74.99999999999,286.10591819314504,20931.3333333333,22630
59654,0.0,-116.0,100.50971494808311,14706.5789473684,15950
60139,0.0,201.00000000000364,260.7736058017176,20669.3333333333,22820
60155,0.0,107.0,114.15034976955803,21196.0869565217,22690
60157,0.0,-234.0,394.4576645680904,18945.0,20680
60338,0.0,618.9999999999909,351.3598898938178,23356.6666666667,24350
60342,0.0,471.00000000000637,225.5959136744466,20800.4347826087,22040
60346,0.0,-171.00000000003274,300.1397671186255,29856.1428571429,32570
60395,0.0,36.00000000000364,295.9607390719059,17753.6,19210
60446,0.0,262.0,61.940673683074124,21046.0,22810
60471,-1.0,-610.9999999999927,277.49512566345516,15716.6666666667,16840
60509,0.0,-157.00000000000182,399.41869389121393,18518.3333333333,19910
60612,0.0,-163.99999999999818,339.9894256433854,23856.4,25920
61001,0.0,-283.9999999999927,233.56470434397306,17003.0,18430
61145,0.0,-221.0,76.48058942945352,18771.0,20340
62033,0.0,277.00000000000546,150.15007951418232,18106.0869565217,19330
62040,1.0,-420.9999999999782,90.71642461846454,16809.0476190476,18520
62108,0.0,-1101.0,123.93340941343604,17398.0392156863,19510
62119,0.0,-429.99999999998545,983.8591429749995,16553.3333333333,18320
62133,0.0,-13.999999999985448,76.18181349182373,15201.4285714286,16810
62160,0.0,-1888.0,344.04276436988675,15260.0,16910
62178,-1.0,-625.9999999999745,418.1243809089126,15474.0,16350
62193,0.0,-8858.000000000015,675.8091468971779,15539.2307692308,17230
62215,0.0,777.9999999999891,758.3553153888611,17205.5,18930
62249,0.0,1171.9999999999918,290.7153674752128,16315.0,18010
62274,-1.0,225.00000000001273,242.90841426248073,17244.6666666667,19640
62276,-1.0,695.0,311.32837584257845,18459.0,20120
62321,0.0,73.0,113.58010448410971,16657.6,18300
62397,0.0,-126.99999999998181,73.167829154743,16012.8,17940
62401,0.0,35.00000000001819,109.48204419889703,17471.3333333333,19390
62413,0.0,-143.99999999999636,289.1282319079389,15948.3333333333,17540
62457,0.0,-320.0,131.90909749527623,16173.5,17870
62473,-1.0,-343.99999999998727,139.1076371760496,17747.3333333333,19110
62498,0.0,1060.000000000011,674.3188014203483,15108.0,16310
62516,0.0,-326.00000000001637,113.97375991293984,16872.6666666667,18440
62548,0.0,-152.99999999999818,196.02503415993692,19330.7692307692,21220
62563,0.0,173.0000000000009,113.47894142411951,15540.25,16980
62587,0.0,-369.00000000000546,175.20656110263008,15801.2,17540
62588,0.0,-219.0,21.3388830376353,18902.0,20040
62617,0.0,-932.0000000000036,187.75071140956766,16115.7142857143,17690
62643,0.0,-885.0,129.81403797205485,16571.6666666667,18420
62688,0.0,140.00000000001182,129.27461219156658,20058.0,21780
62737,0.0,-263.99999999999,98.74439391909823,16765.5,18820
62764,0.0,-282.00000000000637,92.71048458574,17196.0,19290
62765,0.0,617.9999999999873,430.84852666226107,15384.5,17230
62846,0.0,178.0,170.04857129116317,17290.4761904762,18570
62861,0.0,93.0,236.96935352867683,21448.0,23440
62895,0.0,312.99999999999636,207.56868023056393,16170.0,18150
63003,0.0,-158.00000000000182,-16.277137016633787,19626.0,21220
63014,-1.0,748.9999999999854,135.4054300635853,22305.0,23650
63113,0.0,5919.0,5436.217015777005,18613.5,19720
63164,0.0,-92.0,243.05421806405548,20059.4444444444,21150
63178,0.0,718.9999999999927,513.0362480837248,19403.3333333333,20830
63284,0.0,1668.999999999989,643.9405637038615,21380.0,22720
63300,0.0,-16.000000000003638,628.3584606555669,20484.0,22160
63430,0.0,-117.99999999999636,452.41450365020137,17249.375,18640
64024,0.0,1677.0000000000146,2543.2703061035463,21794.4444444444,23740
64065,0.0,118.0,78.12781993324552,21564.1666666667,22900
64102,0.0,3828.0000000000073,3176.9606062515195,18664.6666666667,20300
64140,0.0,871.0000000000018,486.8318278660197,19966.0,21540
64189,0.0,-520.9999999999909,231.19740027220405,20648.0,22350
64230,0.0,30.000000000011823,196.65333819218108,21923.0769230769,24020
64237,0.0,99.0,196.2136157804871,22425.1333333333,24150
64260,0.0,837.9999999999964,726.2228956364625,19153.6666666667,21070
64335,0.0,-401.0,281.3252074635079,23600.7142857143,25670
64348,0.0,1227.0000000000055,774.0604098397293,22446.0,23230
64422,1.0,-171.0000000000091,267.51642247874383,19187.6,20520
64430,0.0,-255.99999999998727,46.70661637424473,19796.0,21020
64445,0.0,-1824.0000000000146,1074.0628419774475,19084.6666666667,20180
64545,0.0,1191.0000000000036,952.1441826264627,20789.8666666667,22720
64547,0.0,790.99999999998,452.2801772582188,21420.0,22610
65286,0.0,-1114.0000000000127,77.34471594767842,17510.0,18270
65460,0.0,-172.99999999999272,136.43537974246942,18672.8571428571,19990
66016,0.0,-6.000000000009095,150.0352511159383,18987.2222222222,20760
66021,0.0,621.0000000000182,333.8323802436323,19273.3333333333,20560
66038,0.0,1226.9999999999964,432.7529034292893,21233.3333333333,22210
66049,0.0,90.00000000000182,346.9615936384441,18917.3333333333,20550
66065,1.0,846.0000000000164,264.2472739976811,16808.2142857143,18210
66136,0.0,-2573.0000000000437,2507.4699778843715,15785.7142857143,16730
66141,-1.0,1815.0,372.6613292661161,17797.3333333333,18740
66172,0.0,-282.99999999999636,338.5780726203509,19132.7777777778,21020
66189,0.0,629.0,322.6345558509738,20668.0,22370
66190,0.0,238.0,123.34480779719951,17110.0,18870
67046,0.0,47.0,353.6379580241653,18031.6,19550
67106,0.0,162.0,229.25600875181885,22825.7142857143,24880
67137,0.0,339.0,334.95611114672306,24120.5,25840
67194,0.0,-164.0,113.85152895262502,23967.5,25210
67222,0.0,-119.00000000001182,110.0361658693447,20553.3333333333,21410
67309,0.0,119.00000000000364,189.63270149659888,25181.0,26300
67313,0.0,187.99999999999727,204.20677713175962,19703.8095238095,21110
67365,0.0,987.9999999999982,584.6481927724567,20362.0,21160
67378,0.0,212.0,258.7888064607597,24219.3333333333,25700
67447,1.0,2383.000000000018,2172.8121904312475,17853.6666666667,18880
67458,0.0,116.0,195.67496132079725,22685.5,23820
67462,0.0,-266.99999999999636,787.8220668523572,19737.3913043478,21380
67482,0.0,14406.000000000058,13599.207964224188,18254.0,19220
67506,0.0,453.0,432.38084744497314,24407.8260869565,25090
67519,0.0,174.9999999999909,353.1095836402528,28017.0,28790
67544,-1.0,-245.99999999999272,37.52829016538067,20463.3333333333,21860
68082,0.0,106.0000000000091,190.93304040601515,21717.5,23220
68112,0.0,-309.0,294.7594936085816,18690.6666666667,20170
68195,-1.0,-122.0,129.00692353503882,21543.0434782609,22740
68224,0.0,-3129.0,2110.908820306142,15444.2857142857,16100
68271,0.0,155.99999999999818,628.0706610104585,23858.7333333333,24800
68287,0.0,-329.9999999999918,78.93909124952063,21857.2222222222,23620
68315,0.0,-156.99999999999454,67.96816568881513,20868.6666666667,22870
68321,-1.0,188.0,134.5519071546213,21380.4,22900
68375,0.0,17.00000000000182,625.7714546061102,21060.6666666667,22730
68376,0.0,352.00000000000364,314.9382600295928,19928.8,21080
69027,0.0,1022.0000000000091,918.9168033205551,23433.3333333333,25250
69028,0.0,722.9999999999909,353.40560230540405,26644.0,28110
69029,-1.0,3158.9999999999927,1924.8112689846566,19401.5,20920
69040,0.0,-8.999999999984539,280.3140100786702,24120.6060606061,26020
69044,0.0,249.0,420.70778329288714,33312.0,35440
69063,0.0,487.0,301.0983169384235,31295.8333333333,33490
69069,0.0,661.9999999999673,559.3943339150596,24289.3333333333,25770
69081,0.0,760.9999999999818,807.5566469585528,26616.5,28230
69091,0.0,1117.9999999999927,383.8466993386037,16580.6666666667,17180
69096,0.0,209.99999999996362,158.4484598685524,19300.5555555556,20500
69194,0.0,597.0000000000236,577.2199405867268,37028.8888888889,40250
69199,1.0,1764.9999999999964,421.17315069036135,15336.0,16080
69202,0.0,229.0,837.2318984640724,25767.1428571429,27370
69204,0.0,-83.00000000000364,505.11857599073846,23881.7391304348,25710
69244,0.0,732.0000000000073,313.92565687945444,25065.5555555556,27540
69256,0.0,6467.0,1885.33548476966,14937.8260869565,16130
69259,0.0,4190.000000000022,2380.296263265678,15621.0,16360
69264,0.0,-550.0,824.2455455660738,17312.1739130435,18610
69266,0.0,6238.0,7105.202386486373,18899.3333333333,20610
69271,0.0,971.0000000000018,718.4060150648297,26013.8095238095,27990
69273,0.0,213.99999999999636,205.74070581723913,22305.0,24320
69275,0.0,1705.9999999999782,977.9734913754573,19491.7142857143,21060
69286,0.0,358.0000000000109,773.1716276763136,17694.0,19010
69289,0.0,35.00000000002183,147.04765109341542,24574.0,26950
69290,0.0,3872.0000000000146,2839.4669661149037,19047.3333333333,20290
69292,0.0,1229.0,721.2581628960206,20721.4285714286,23360
69297,0.0,105.0,198.3941766659882,23843.3333333333,26270
70279,0.0,55.99999999999454,78.81468422504292,15358.5,17380
70285,0.0,625.0000000000036,313.9945193128076,18422.0,19680
71014,0.0,-750.0000000000146,-264.610045830897,18086.0,19190
71047,0.0,-385.0,49.22774522249665,19657.0,21010
71105,0.0,956.0000000000018,289.10112618385324,22429.3333333333,23890
71137,1.0,156.0,204.42354008556595,20034.0,21970
71153,0.0,-934.0000000000109,130.78436462550872,17813.3043478261,19370
71230,0.0,-590.9999999999536,114.18209701395028,19064.0,20260
71263,0.0,102.0,128.6536232796302,18624.0,19870
71306,0.0,-1663.0000000000036,215.9856049843561,16972.0,18540
71445,0.0,231.99999999999727,258.8416818650626,19324.7619047619,20920
71543,0.0,-212.00000000001273,131.19671068643106,18476.0,20250
72124,0.0,104.0,145.27044342135264,19207.3333333333,20780
72181,0.0,1341.999999999971,3609.1203553854866,19112.53,20480
72213,0.0,296.0,175.4298178264205,20373.3333333333,21970
73006,1.0,12.0,197.81637343946738,20842.5,22950
73011,0.0,879.9999999999964,290.4537391666963,18148.6666666667,19750
73029,1.0,550.0,283.45865334879204,23298.0,24160
73054,1.0,-43.999999999992724,256.4769144715094,20403.5,22400
73065,1.0,-318.0,2020.7362725028997,19349.3333333333,20790
73087,0.0,440.0000000000182,236.5868667309719,20521.3333333333,22440
73150,0.0,67.99999999998863,137.19568191671362,21641.0,23570
73248,0.0,-329.0000000000218,36.71511295739447,19600.6666666667,20970
74010,1.0,78481.0,25274.585314359025,21676.5,24870
74012,0.0,2532.0000000000073,1528.475067974061,20076.1538461538,21370
74043,0.0,468.99999999999363,209.4052755055883,27780.0,31410
74081,0.0,-533.9999999999964,291.2236530496707,18838.5,20730
74096,0.0,350.00000000001364,254.46958147699752,29630.0,33470
74123,1.0,-20.000000000006366,287.1108673807803,20154.0,22480
74208,1.0,555.0,277.0222123513922,21760.4761904762,23930
74243,0.0,2485.999999999998,1247.573296307109,28647.5,31520
74281,0.0,1652.9999999999927,1480.7463565906364,21162.6666666667,23080
74288,0.0,901.0000000000159,324.31213662443656,35383.0769230769,36410
76057,0.0,185.99999999998545,269.4142702561976,19094.4444444444,20680
76178,0.0,-191.0,90.11050542124661,16607.8571428571,18420
76217,0.0,-1994.9999999999745,418.9935990599847,16874.0,18190
76222,0.0,-164.0,98.35437840262114,19946.6666666667,21570
76255,1.0,-486.99999999999454,130.6793397393426,19388.0,20690
76312,0.0,-365.0000000000082,3.1287748163930473,17737.3333333333,19020
76384,1.0,-257.00000000000364,60.4674591238379,17174.0,18220
76447,1.0,-631.0000000000073,295.18255106460856,21537.3333333333,22930
76451,0.0,360.0000000000291,670.3963981000616,26068.8888888889,27790
76474,0.0,-116.99999999999909,176.1317647671549,20329.0476190476,21760
76475,0.0,-58.0,197.5512165224643,26380.0,27360
76476,0.0,559.9999999999945,207.14475661368078,20297.037037037,21810
76540,0.0,3569.0,4898.641169872924,19263.3333333333,20620
76552,0.0,-152.00000000001,269.4937233852579,29166.0,31580
76655,-1.0,-323.9999999999927,69.18329692987834,19370.0,20840
77014,0.0,-385.0000000000091,612.1597039609487,21392.8333333333,23290
77037,0.0,328.00000000000273,368.06220070504423,30262.3684210526,32120
77053,0.0,2598.000000000011,1054.7191282992658,22934.6666666667,23850
77055,1.0,440.0,223.0666702873607,21459.8846153846,22060
77058,0.0,640.9999999999782,1000.1348013888019,23792.8571428571,25380
77085,-1.0,652.0,308.899842400402,24778.869047619,26760
77108,0.0,664.0,2465.9329672827207,21468.4615384615,22650
77139,0.0,-21.000000000024556,134.9805377999046,25127.619047619,25860
77183,0.0,60.0,164.18460757952425,19224.5,20280
77238,0.0,193.0,97.60208293070616,20863.2,22200
77243,0.0,-163.0000000000109,944.1167921550996,22563.3333333333,24160
77294,0.0,945.0000000000146,845.9047099108275,20922.5,21980
77296,0.0,375.9999999999891,749.6492701716988,19721.3333333333,21700
77315,-1.0,209.0,194.28844808565077,24748.8888888889,27070
77327,-1.0,354.99999999997453,205.47709020693742,18048.5714285714,18890
77373,0.0,-556.0000000000073,761.7118547142018,22252.2222222222,24020
77390,0.0,-311.0,1061.905107856673,21392.0,23380
77413,0.0,291.0000000000082,231.46762474204934,24933.0,26780
77445,0.0,-3.000000000007276,537.2070995818794,19983.7142857143,21050
77449,0.0,1095.9999999999618,697.243696212628,22603.2,24980
77464,-1.0,1126.0,610.951393725456,23347.9166666667,24410
77495,0.0,1407.9999999999927,438.04418686942904,24081.3333333333,24130
77513,-1.0,708.0,386.66223171298907,22007.0,23840
77514,1.0,811.9999999999891,272.18424593588406,20495.3333333333,21760
78005,0.0,737.0,1082.143980155788,21257.7777777778,22260
78015,1.0,1118.9999999999873,711.4345581154876,27218.5714285714,28380
78062,1.0,18.00000000000091,207.65992453994022,27289.0476190476,28870
78092,0.0,135.00000000002547,335.6923576029594,30139.6666666667,31220
78123,1.0,2073.999999999998,949.8442525852902,19405.4230769231,21290
78160,0.0,-136.99999999997635,131.29204992000314,30672.6666666667,32020
78172,0.0,1081.0,1698.3261655107071,24116.6666666667,25750
78206,0.0,48.0,74.72038029060809,24296.25,25410
78220,0.0,-70.0,244.78144572853898,26571.6666666667,28100
78242,0.0,295.9999999999982,206.4221234874767,24057.5,25480
78267,0.0,900.0000000000036,367.3180991976883,23107.0,23930
78311,0.0,768.9999999999964,2468.053737916882,26649.3333333333,28930
78350,0.0,282.99999999997544,468.5299831063344,35591.9047619048,35700
78361,0.0,-1040.0000000000218,293.00478004003344,15379.0476190476,16520
78362,0.0,986.0000000000036,800.9533484245617,18676.0555555556,19530
78383,0.0,-722.9999999999964,317.2128608253406,25116.6666666667,26380
78397,0.0,146.99999999998545,307.1813326887641,31534.2857142857,32480
78401,0.0,-160.99999999999454,167.53416105246652,20127.3913043478,21010
78455,0.0,75.00000000000728,322.15575079872497,34719.0322580645,36370
78466,0.0,833.0,571.5965231788082,34979.3333333333,35700
78517,0.0,1287.9999999999745,1454.8312215420256,24938.0,26960
78545,0.0,2267.000000000011,2065.61989674519,23393.0,25490
78571,0.0,-80.0,244.15897752990713,42094.5,42950
78575,0.0,72.00000000000182,201.188130025972,32667.1428571429,34230
78621,0.0,1565.0000000000073,1305.5338771234678,16100.0,17450
78624,0.0,387.0000000000091,593.4499055545857,26566.0,27790
78640,0.0,2181.9999999999964,2118.561221855207,26041.1111111111,27750
78643,0.0,354.00000000001637,113.85570115665541,25278.6666666667,28280
78650,0.0,-309.9999999999982,924.417658967438,39094.0,41480
78672,0.0,301.0,379.33602662368867,38004.2857142857,37870
78688,0.0,-636.0,331.56694131770473,33356.8,34760
79003,0.0,-126.99999999999818,188.27225981410106,21616.6666666667,23930
79048,1.0,311.0,299.21513366871704,22054.6666666667,23990
79195,0.0,-87.0,31.519731140106614,18078.75,19420
79202,0.0,-258.9999999999982,79.38348707932846,17977.5862068966,19340
80489,0.0,284.0,177.88600643048608,19540.0,20570
80620,0.0,-232.00000000000637,91.04363972427666,16501.0714285714,17980
81004,0.0,-436.99999999998545,1404.6563183676153,19399.4444444444,20710
81060,0.0,328.00000000000364,292.9066165523881,17646.0833333333,18470
81065,0.0,1011.9999999999927,1558.2279497232385,18442.0,19850
81105,0.0,850.9999999999927,319.32809590425677,16749.3333333333,17780
81163,0.0,-220.00000000000182,210.3818505398524,17263.0,18560
81257,-1.0,-165.00000000000182,159.46919361920038,18937.0,20140
81271,-1.0,838.0,518.1531044351991,21865.2173913044,23550
82033,-1.0,365.9999999999909,260.83187142276665,17480.0,18880
82112,0.0,1330.0000000000164,377.14990846261026,16957.8260869565,18110
82125,0.0,510.99999999999,348.6235466328327,19656.1904761905,20940
83009,0.0,480.99999999999636,642.0321775433843,22247.8333333333,24550
83016,1.0,385.0,528.317111794715,21985.5,24050
83023,0.0,962.0,221.57541859310322,17498.2222222222,18900
83034,0.0,-524.0000000000291,263.2667451947782,23406.1111111111,25690
83035,0.0,559.0,309.98889386276176,22184.5,23250
83048,0.0,69.0,36.37006779018998,20654.0,21930
83049,1.0,1736.0000000000036,780.7645588000701,20456.0,22170
83050,0.0,-619.9999999999854,618.3024019563672,19021.4285714286,20620
83058,0.0,-169.99999999999181,113.42390901487386,21675.25,23210
83061,0.0,2239.0,2125.0730303014498,18976.9565217391,20870
83068,0.0,542.0,231.96528764038885,21514.8484848485,22600
83069,0.0,-1887.0000000000073,1806.5657974648311,19910.3333333333,21800
83073,0.0,556.0000000000164,166.22500189667699,18381.3333333333,19720
83086,0.0,79.00000000002365,348.70173116508795,17810.0,19800
83098,0.0,-67.99999999999636,327.22500809272196,22448.5714285714,24380
83107,0.0,1991.0000000000055,984.7921530530562,21483.3333333333,23380
83116,1.0,1714.9999999999927,1039.3013195722588,20896.6666666667,23020
83129,0.0,1687.0,1496.511647264887,21518.3333333333,23500
83130,0.0,841.0000000000055,860.031641709998,20293.3333333333,22040
83131,-1.0,267.99999999999,318.1276419860453,22406.6666666667,24610
83141,0.0,374.0,263.932814528182,21192.7777777778,23210
83143,-1.0,45.0,253.9319619946,19767.0,22090
84007,0.0,-1612.0,1707.5513154385771,15804.5,16910
84019,1.0,256.00000000001273,149.03964593128512,17366.0,19010
84029,0.0,-115.0,142.87708743459393,19879.6666666667,22000
84031,0.0,1417.9999999999818,957.6690522750532,15958.6956521739,17600
84034,1.0,376.0,213.0844151491201,21601.6,23110
84035,0.0,-368.9999999999927,706.5970655689121,16058.6,17610
84054,0.0,789.0000000000073,1101.2124518757378,19300.0,21350
84056,0.0,422.0,289.54547830761874,18996.0,20480
84065,-1.0,103.0,268.3926591591362,19623.3333333333,22560
84072,0.0,393.99999999998363,188.31932835791986,19460.4761904762,21840
84080,-1.0,442.00000000000364,456.08106729616907,18088.0952380952,19850
84081,-1.0,748.0000000000009,396.9274833819377,21336.3636363636,22270
84089,0.0,975.0,674.883397731809,19949.3333333333,21740
84092,0.0,-458.0000000000073,95.63682509854925,17719.3333333333,18760
84099,0.0,415.0,381.610177538288,20173.0857142857,22280
84122,0.0,136.0000000000009,254.2563365777562,18361.0,20870
84132,0.0,176.99999999999818,354.1460140738368,20265.3333333333,22120
84138,0.0,-139.00000000000546,181.25537777263844,16558.6666666667,17960
84141,0.0,377.9999999999909,325.089180930549,19987.8260869565,21940
85088,0.0,421.0,261.0458318535017,20825.6,23360
85092,0.0,-470.9999999999982,439.33164251693506,18680.5,20230
85191,0.0,2051.0000000000146,2185.6441304151795,19693.3333333333,21320
85194,0.0,32565.0,7214.340441785567,20824.5,23350
85222,0.0,392.0,347.42138369523445,20745.3333333333,23180
85226,0.0,702.0000000000036,542.6519930442064,20678.0,22830
85288,0.0,646.9999999999955,299.73055979219043,20616.0,23090
86066,0.0,-149.00000000000364,682.3378561886957,18282.6666666667,19430
86137,0.0,-38.000000000010004,166.4096379135666,18278.5,19270
86174,0.0,67.00000000000546,159.67559124134152,19973.3333333333,21990
86194,0.0,2597.9999999999854,1826.0196317300833,18299.5238095238,19300
87001,0.0,38.0,203.62575004960604,20927.3333333333,22390
87011,1.0,-498.0,66.2641492308615,17594.7619047619,18900
87048,0.0,134.0,186.61370099978126,22020.8,23560
87085,0.0,-3985.0,2420.4476880624934,18425.3333333333,19720
87161,0.0,-279.0,79.54830681226144,18649.0,20350
88516,0.0,-372.0,113.69264987227098,21862.4,23460
89024,-1.0,-692.0000000000146,1061.238958171869,18121.1111111111,19390
89206,0.0,-290.9999999999982,311.9220798620486,16464.4444444444,17290
89418,0.0,-414.0,-148.15447697679656,16271.9047619048,17470
90008,0.0,-211.00000000001637,-10.138725060226875,19871.7391304348,21820
90010,0.0,-4306.0,143.51420357289498,17003.5,18460
91016,0.0,191.0,131.1220512329669,19972.6666666667,20770
91021,-1.0,583.0000000000018,377.5603897981109,20438.6666666667,21120
91027,1.0,4207.000000000004,1594.4230395851819,20560.0,21530
91045,0.0,197.0,291.7886310367569,23272.0,24430
91064,0.0,297.0,250.0523297194202,32344.2857142857,33520
91086,0.0,1194.0000000000218,532.0608432887898,25394.896,25910
91161,1.0,-74.99999999998909,211.18384763308586,21790.0,22410
91174,0.0,2967.0000000000073,1203.482019724086,17047.5,17920
91191,0.0,409.9999999999927,459.7866342492134,24153.7931034483,24890
91200,-1.0,226.0,290.48331991906525,20888.5652173913,22530
91215,0.0,-329.00000000001273,152.24655831592554,17200.0,17860
91226,0.0,300.9999999999882,207.88690092524052,24334.6153846154,26080
91228,-1.0,12407.0,3244.968185739097,16500.0,18170
91312,0.0,98.99999999999636,553.9013394991553,29290.0,30350
91315,1.0,-35.000000000010004,245.83740945217642,25181.4285714286,26660
91345,1.0,-620.0,246.75262807343552,21687.0,22720
91432,-1.0,548.0000000000091,704.2962478126205,24114.0,24900
91458,0.0,-310.0,152.3917201332838,27344.6666666667,29420
91477,0.0,2289.0000000000036,1375.1692053082606,26344.4,27470
91479,0.0,445.0000000000009,294.9542594044824,23724.7826086957,24550
91514,0.0,857.0,469.4939979296796,21929.0,23230
91521,0.0,2339.000000000018,1136.5736706279586,18792.8571428571,19360
91552,0.0,1112.000000000009,200.19974530443892,22289.5,23350
91553,0.0,27.999999999995453,237.7023933238247,27727.3333333333,28470
91577,0.0,337.0,223.6629992786361,26126.6666666667,26590
91657,0.0,420.99999999999636,952.110535972437,19240.0,20510
91659,0.0,88.99999999999363,96.04637823170106,23370.0,24210
91685,1.0,263.0,227.3952650860922,26372.4,27130
91687,0.0,-251.9999999999891,807.7380569261259,20346.0,21140
91692,0.0,677.0000000000036,1141.8307521637535,17806.875,19300
92004,0.0,1204.9999999999854,4282.109171371372,23320.5555555556,26460
92012,0.0,3983.9999999999563,7878.3647549926245,30713.0,33860
92014,0.0,1092.9999999999964,1532.6878196057623,30845.2380952381,32500
92024,-1.0,3150.0,2942.2404814088404,18112.4,20610
92025,1.0,2383.0,4989.980613958596,20564.4444444444,23320
92032,0.0,2227.9999999999964,1239.2832061987338,25084.0,25780
92064,0.0,200.0,1506.306084629825,36395.2380952381,38440
92071,0.0,839.0,844.6624308928895,33452.2222222222,34670
92072,0.0,-98.00000000000728,902.8856371911716,30305.0,32550
93001,0.0,9128.0,4284.602211680696,13353.8333333333,14640
93005,0.0,4171.000000000029,2420.6726119520335,16938.0,17910
93006,0.0,2460.0,2444.4137335282194,16011.25,17750
93008,0.0,4427.0,1101.148477961703,14112.9166666667,15500
93015,0.0,224.0,140.39273303525442,25313.3333333333,26340
93033,0.0,9.000000000010914,303.79599514166716,27940.5,28940
93046,0.0,1820.0000000000073,1657.749067996524,20479.5238095238,20990
93048,-1.0,6619.0,6932.073619115352,17651.0,20000
93051,-1.0,4311.000000000007,4269.867317893297,20446.0,22100
93053,1.0,2435.9999999999927,2325.7868010355087,16083.3333333333,17320
93062,0.0,353.00000000001273,668.3609181381953,26713.3333333333,27650
93063,0.0,5838.000000000011,2953.5821041259924,16970.0,19450
93064,0.0,993.9999999999854,1783.6124278331572,19771.9047619048,20770
93066,1.0,2383.0,3502.045644988055,14481.25,15720
93070,1.0,4115.000000000007,3925.942392251345,16381.5,18760
93071,0.0,1701.0,749.5297159738375,15950.0,16450
93072,-1.0,1171.0,694.63735207318,14454.0,15380
93078,0.0,2339.9999999999854,1019.429864486212,17790.0,18490
93079,1.0,974.9999999999982,459.05867458899115,14761.9444444444,15650
94002,0.0,107.99999999998545,1763.8942132123339,19277.5,21140
94004,0.0,1188.000000000011,786.1663275714695,19186.6666666667,20320
94015,0.0,1050.0,834.3372394469643,28744.0,30330
94016,0.0,281.9999999999818,1906.0074302943813,22487.5,24410
94017,-1.0,989.0,2205.24540845101,18923.0,20250
94019,0.0,-67.00000000001455,594.6801469048414,21368.2608695652,22730
94021,1.0,1221.0000000000146,621.2777222427057,20623.0,21570
94022,-1.0,2824.0,1899.5290018713167,19077.6923076923,19930
94028,0.0,1524.0000000000437,2957.397384809763,18741.7391304348,20250
94033,0.0,-1886.0,1861.4874252465615,22567.0,24310
94034,0.0,1748.0000000000073,565.7526129100925,22088.5714285714,22830
94041,0.0,4223.000000000015,3668.787055303981,17385.0,18810
94052,0.0,2286.0000000000036,2313.4958963708123,29717.0434782609,31910
94060,0.0,259.99999999998727,260.8598911575609,22821.1111111111,23950
94065,0.0,-26.000000000014552,159.4718485787023,28164.7619047619,29110
94067,0.0,-283.9999999999891,1426.8722589440476,31642.2222222222,34380
94070,0.0,350.0,302.863034117216,29798.0,29480
94073,0.0,1976.0000000000036,1642.6421243314535,22235.2380952381,23510
94076,0.0,-1431.9999999999927,2122.2423151856947,19174.7826086957,20590
94078,-1.0,1868.9999999999927,813.149367198052,15396.9230769231,16250
95018,0.0,-298.00000000004366,4416.512025130029,17555.3333333333,18430
95039,0.0,-151.0,201.40557376889979,25812.0,27600
95051,0.0,166.99999999998727,352.52817454632986,26250.4761904762,27440
95052,1.0,-91.00000000000364,247.5852052237401,19679.6,21110
95127,0.0,4810.999999999964,1896.6030512739217,18411.3043478261,19590
95134,0.0,198.0,203.81103711265837,23976.6666666667,25630
95197,0.0,86.99999999998909,1003.2841371742397,22651.25,24030
95203,1.0,1104.9999999999964,1812.8065005396766,24483.0,25690
95218,0.0,1820.9999999999964,963.9112884150409,22184.8,23440
95229,0.0,32.99999999999636,304.1084262056029,22773.3333333333,24430
95252,0.0,3333.0000000000146,2161.454819349535,21647.6923076923,23150
95268,0.0,1253.0,2050.1777712001276,13434.0,15170
95280,-1.0,-531.9999999999927,568.226060194379,16322.0,17400
95288,0.0,-179.99999999999636,385.3913453654641,23488.6666666667,25400
95323,0.0,1126.9999999999964,453.76462424609645,22004.5,23830
95352,0.0,336.0,174.199688019002,25781.2,26850
95427,0.0,793.0000000000036,678.0755309782066,18870.0,20000
95428,0.0,822.0000000000218,1262.6902490445955,26099.6,27200
95572,0.0,303.9999999999927,704.8061118678716,19084.0,20600
95582,0.0,-302.0,779.6161298058269,21944.0,23030
95607,0.0,732.0000000000073,807.9615215987515,23090.9523809524,24200
95612,0.0,443.0,203.05802796959046,20451.5,22010
